dataset,dimension,rule_id,rule_name,column_name,rule_type,expected_value,evaluated_rows,passed_rows,failed_rows,score,severity,source,status,observation,sample_failed_rows
siaf_ingresos,Completitud,siaf.ANO_DOC.not_null,No nulo: ANO_DOC,ANO_DOC,not_null,no nulo,10777068,10777068,0,100.0,Bloqueante,profiling_bronze,Sin observaciones,Registros nulos o vacíos en ANO_DOC.,[]
siaf_ingresos,Completitud,siaf.MES_DOC.not_null,No nulo: MES_DOC,MES_DOC,not_null,no nulo,10777068,10777068,0,100.0,Bloqueante,profiling_bronze,Sin observaciones,Registros nulos o vacíos en MES_DOC.,[]
siaf_ingresos,Completitud,siaf.NIVEL_GOBIERNO.not_null,No nulo: NIVEL_GOBIERNO,NIVEL_GOBIERNO,not_null,no nulo,10777068,10777068,0,100.0,Bloqueante,profiling_bronze,Sin observaciones,Registros nulos o vacíos en NIVEL_GOBIERNO.,[]
siaf_ingresos,Completitud,siaf.NIVEL_GOBIERNO_NOMBRE.not_null,No nulo: NIVEL_GOBIERNO_NOMBRE,NIVEL_GOBIERNO_NOMBRE,not_null,no nulo,10777068,10777068,0,100.0,Bloqueante,profiling_bronze,Sin observaciones,Registros nulos o vacíos en NIVEL_GOBIERNO_NOMBRE.,[]
siaf_ingresos,Completitud,siaf.SEC_EJEC.not_null,No nulo: SEC_EJEC,SEC_EJEC,not_null,no nulo,10777068,10777068,0,100.0,Bloqueante,profiling_bronze,Sin observaciones,Registros nulos o vacíos en SEC_EJEC.,[]
siaf_ingresos,Completitud,siaf.EJECUTORA.not_null,No nulo: EJECUTORA,EJECUTORA,not_null,no nulo,10777068,10777068,0,100.0,Bloqueante,profiling_bronze,Sin observaciones,Registros nulos o vacíos en EJECUTORA.,[]
siaf_ingresos,Completitud,siaf.EJECUTORA_NOMBRE.not_null,No nulo: EJECUTORA_NOMBRE,EJECUTORA_NOMBRE,not_null,no nulo,10777068,10777068,0,100.0,Bloqueante,profiling_bronze,Sin observaciones,Registros nulos o vacíos en EJECUTORA_NOMBRE.,[]
siaf_ingresos,Completitud,siaf.FUENTE_FINANCIAMIENTO.not_null,No nulo: FUENTE_FINANCIAMIENTO,FUENTE_FINANCIAMIENTO,not_null,no nulo,10777068,10777068,0,100.0,Bloqueante,profiling_bronze,Sin observaciones,Registros nulos o vacíos en FUENTE_FINANCIAMIENTO.,[]
siaf_ingresos,Completitud,siaf.FUENTE_FINANCIAMIENTO_NOMBRE.not_null,No nulo: FUENTE_FINANCIAMIENTO_NOMBRE,FUENTE_FINANCIAMIENTO_NOMBRE,not_null,no nulo,10777068,10777068,0,100.0,Bloqueante,profiling_bronze,Sin observaciones,Registros nulos o vacíos en FUENTE_FINANCIAMIENTO_NOMBRE.,[]
siaf_ingresos,Completitud,siaf.RUBRO.not_null,No nulo: RUBRO,RUBRO,not_null,no nulo,10777068,10777068,0,100.0,Bloqueante,profiling_bronze,Sin observaciones,Registros nulos o vacíos en RUBRO.,[]
siaf_ingresos,Completitud,siaf.RUBRO_NOMBRE.not_null,No nulo: RUBRO_NOMBRE,RUBRO_NOMBRE,not_null,no nulo,10777068,10777068,0,100.0,Bloqueante,profiling_bronze,Sin observaciones,Registros nulos o vacíos en RUBRO_NOMBRE.,[]
siaf_ingresos,Completitud,siaf.TIPO_RECURSO.not_null,No nulo: TIPO_RECURSO,TIPO_RECURSO,not_null,no nulo,10777068,10777068,0,100.0,Bloqueante,profiling_bronze,Sin observaciones,Registros nulos o vacíos en TIPO_RECURSO.,[]
siaf_ingresos,Completitud,siaf.TIPO_RECURSO_NOMBRE.not_null,No nulo: TIPO_RECURSO_NOMBRE,TIPO_RECURSO_NOMBRE,not_null,no nulo,10777068,10777068,0,100.0,Bloqueante,profiling_bronze,Sin observaciones,Registros nulos o vacíos en TIPO_RECURSO_NOMBRE.,[]
siaf_ingresos,Completitud,siaf.GENERICA.not_null,No nulo: GENERICA,GENERICA,not_null,no nulo,10777068,10777068,0,100.0,Bloqueante,profiling_bronze,Sin observaciones,Registros nulos o vacíos en GENERICA.,[]
siaf_ingresos,Completitud,siaf.GENERICA_NOMBRE.not_null,No nulo: GENERICA_NOMBRE,GENERICA_NOMBRE,not_null,no nulo,10777068,10777068,0,100.0,Bloqueante,profiling_bronze,Sin observaciones,Registros nulos o vacíos en GENERICA_NOMBRE.,[]
siaf_ingresos,Completitud,siaf.SUBGENERICA.not_null,No nulo: SUBGENERICA,SUBGENERICA,not_null,no nulo,10777068,10777068,0,100.0,Bloqueante,profiling_bronze,Sin observaciones,Registros nulos o vacíos en SUBGENERICA.,[]
siaf_ingresos,Completitud,siaf.SUBGENERICA_NOMBRE.not_null,No nulo: SUBGENERICA_NOMBRE,SUBGENERICA_NOMBRE,not_null,no nulo,10777068,10777068,0,100.0,Bloqueante,profiling_bronze,Sin observaciones,Registros nulos o vacíos en SUBGENERICA_NOMBRE.,[]
siaf_ingresos,Completitud,siaf.SUBGENERICA_DET.not_null,No nulo: SUBGENERICA_DET,SUBGENERICA_DET,not_null,no nulo,10777068,10777068,0,100.0,Bloqueante,profiling_bronze,Sin observaciones,Registros nulos o vacíos en SUBGENERICA_DET.,[]
siaf_ingresos,Completitud,siaf.SUBGENERICA_DET_NOMBRE.not_null,No nulo: SUBGENERICA_DET_NOMBRE,SUBGENERICA_DET_NOMBRE,not_null,no nulo,10777068,10777068,0,100.0,Bloqueante,profiling_bronze,Sin observaciones,Registros nulos o vacíos en SUBGENERICA_DET_NOMBRE.,[]
siaf_ingresos,Completitud,siaf.ESPECIFICA.not_null,No nulo: ESPECIFICA,ESPECIFICA,not_null,no nulo,10777068,10777068,0,100.0,Bloqueante,profiling_bronze,Sin observaciones,Registros nulos o vacíos en ESPECIFICA.,[]
siaf_ingresos,Completitud,siaf.ESPECIFICA_NOMBRE.not_null,No nulo: ESPECIFICA_NOMBRE,ESPECIFICA_NOMBRE,not_null,no nulo,10777068,10777068,0,100.0,Bloqueante,profiling_bronze,Sin observaciones,Registros nulos o vacíos en ESPECIFICA_NOMBRE.,[]
siaf_ingresos,Completitud,siaf.ESPECIFICA_DET.not_null,No nulo: ESPECIFICA_DET,ESPECIFICA_DET,not_null,no nulo,10777068,10777068,0,100.0,Bloqueante,profiling_bronze,Sin observaciones,Registros nulos o vacíos en ESPECIFICA_DET.,[]
siaf_ingresos,Completitud,siaf.ESPECIFICA_DET_NOMBRE.not_null,No nulo: ESPECIFICA_DET_NOMBRE,ESPECIFICA_DET_NOMBRE,not_null,no nulo,10777068,10777068,0,100.0,Bloqueante,profiling_bronze,Sin observaciones,Registros nulos o vacíos en ESPECIFICA_DET_NOMBRE.,[]
siaf_ingresos,Completitud,siaf.MONTO_PIA.not_null,No nulo: MONTO_PIA,MONTO_PIA,not_null,no nulo,10777068,10777068,0,100.0,Bloqueante,profiling_bronze,Sin observaciones,Registros nulos o vacíos en MONTO_PIA.,[]
siaf_ingresos,Completitud,siaf.MONTO_PIM.not_null,No nulo: MONTO_PIM,MONTO_PIM,not_null,no nulo,10777068,10777068,0,100.0,Bloqueante,profiling_bronze,Sin observaciones,Registros nulos o vacíos en MONTO_PIM.,[]
siaf_ingresos,Completitud,siaf.MONTO_RECAUDADO.not_null,No nulo: MONTO_RECAUDADO,MONTO_RECAUDADO,not_null,no nulo,10777068,10777068,0,100.0,Bloqueante,profiling_bronze,Sin observaciones,Registros nulos o vacíos en MONTO_RECAUDADO.,[]
siaf_ingresos,Completitud,siaf.DEPARTAMENTO_EJECUTORA.null_threshold,Nulos bajo umbral (0.1%): DEPARTAMENTO_EJECUTORA,DEPARTAMENTO_EJECUTORA,null_threshold,< 0.1% nulos,10777068,10777068,0,100.0,Media,profiling_bronze,Sin observaciones,Nulos en DEPARTAMENTO_EJECUTORA: 0.0140% (umbral: 0.1%). Dentro del umbral esperado.,[]
siaf_ingresos,Completitud,siaf.DEPARTAMENTO_EJECUTORA_NOMBRE.null_threshold,Nulos bajo umbral (0.1%): DEPARTAMENTO_EJECUTORA_NOMBRE,DEPARTAMENTO_EJECUTORA_NOMBRE,null_threshold,< 0.1% nulos,10777068,10777068,0,100.0,Media,profiling_bronze,Sin observaciones,Nulos en DEPARTAMENTO_EJECUTORA_NOMBRE: 0.0150% (umbral: 0.1%). Dentro del umbral esperado.,[]
siaf_ingresos,Completitud,siaf.PROVINCIA_EJECUTORA.null_threshold,Nulos bajo umbral (0.1%): PROVINCIA_EJECUTORA,PROVINCIA_EJECUTORA,null_threshold,< 0.1% nulos,10777068,10777068,0,100.0,Media,profiling_bronze,Sin observaciones,Nulos en PROVINCIA_EJECUTORA: 0.0140% (umbral: 0.1%). Dentro del umbral esperado.,[]
siaf_ingresos,Completitud,siaf.PROVINCIA_EJECUTORA_NOMBRE.null_threshold,Nulos bajo umbral (0.1%): PROVINCIA_EJECUTORA_NOMBRE,PROVINCIA_EJECUTORA_NOMBRE,null_threshold,< 0.1% nulos,10777068,10777068,0,100.0,Media,profiling_bronze,Sin observaciones,Nulos en PROVINCIA_EJECUTORA_NOMBRE: 0.0150% (umbral: 0.1%). Dentro del umbral esperado.,[]
siaf_ingresos,Completitud,siaf.DISTRITO_EJECUTORA.null_threshold,Nulos bajo umbral (0.1%): DISTRITO_EJECUTORA,DISTRITO_EJECUTORA,null_threshold,< 0.1% nulos,10777068,10777068,0,100.0,Media,profiling_bronze,Sin observaciones,Nulos en DISTRITO_EJECUTORA: 0.0140% (umbral: 0.1%). Dentro del umbral esperado.,[]
siaf_ingresos,Completitud,siaf.DISTRITO_EJECUTORA_NOMBRE.null_threshold,Nulos bajo umbral (0.1%): DISTRITO_EJECUTORA_NOMBRE,DISTRITO_EJECUTORA_NOMBRE,null_threshold,< 0.1% nulos,10777068,10777068,0,100.0,Media,profiling_bronze,Sin observaciones,Nulos en DISTRITO_EJECUTORA_NOMBRE: 0.0150% (umbral: 0.1%). Dentro del umbral esperado.,[]
siaf_ingresos,Completitud,siaf.SECTOR.conditional_null,Vacío estructural válido: SECTOR (solo cuando NIVEL_GOBIERNO=M),SECTOR,conditional_null_allowed,vacío solo cuando NIVEL_GOBIERNO=M,1896376,1896376,0,100.0,Informativo,profiling_bronze,Sin observaciones,SECTOR vacío cuando NIVEL_GOBIERNO ≠ M: 0 casos. Cuando NIVEL_GOBIERNO=M el vacío es esperado (diseño SIAF).,[]
siaf_ingresos,Completitud,siaf.SECTOR_NOMBRE.conditional_null,Vacío estructural válido: SECTOR_NOMBRE (solo cuando NIVEL_GOBIERNO=M),SECTOR_NOMBRE,conditional_null_allowed,vacío solo cuando NIVEL_GOBIERNO=M,1896376,1896376,0,100.0,Informativo,profiling_bronze,Sin observaciones,SECTOR_NOMBRE vacío cuando NIVEL_GOBIERNO ≠ M: 0 casos. Cuando NIVEL_GOBIERNO=M el vacío es esperado (diseño SIAF).,[]
siaf_ingresos,Completitud,siaf.PLIEGO.conditional_null,Vacío estructural válido: PLIEGO (solo cuando NIVEL_GOBIERNO=M),PLIEGO,conditional_null_allowed,vacío solo cuando NIVEL_GOBIERNO=M,1896376,1896376,0,100.0,Informativo,profiling_bronze,Sin observaciones,PLIEGO vacío cuando NIVEL_GOBIERNO ≠ M: 0 casos. Cuando NIVEL_GOBIERNO=M el vacío es esperado (diseño SIAF).,[]
siaf_ingresos,Completitud,siaf.PLIEGO_NOMBRE.conditional_null,Vacío estructural válido: PLIEGO_NOMBRE (solo cuando NIVEL_GOBIERNO=M),PLIEGO_NOMBRE,conditional_null_allowed,vacío solo cuando NIVEL_GOBIERNO=M,1896376,1896376,0,100.0,Informativo,profiling_bronze,Sin observaciones,PLIEGO_NOMBRE vacío cuando NIVEL_GOBIERNO ≠ M: 0 casos. Cuando NIVEL_GOBIERNO=M el vacío es esperado (diseño SIAF).,[]
siaf_ingresos,Validez,siaf.NIVEL_GOBIERNO.accepted_values,Catálogo válido: NIVEL_GOBIERNO,NIVEL_GOBIERNO,accepted_values,"['E', 'R', 'M']",10777068,10777068,0,100.0,Alta,dictionary_mef,Sin observaciones,"Valores fuera del catálogo ['E', 'R', 'M'] en NIVEL_GOBIERNO.",[]
siaf_ingresos,Validez,siaf.NIVEL_GOBIERNO_NOMBRE.accepted_values,Catálogo válido: NIVEL_GOBIERNO_NOMBRE,NIVEL_GOBIERNO_NOMBRE,accepted_values,"['GOBIERNO NACIONAL', 'GOBIERNOS REGIONALES', 'GOBIERNOS LOCALES']",10777068,10777068,0,100.0,Alta,dictionary_mef,Sin observaciones,"Valores fuera del catálogo ['GOBIERNO NACIONAL', 'GOBIERNOS REGIONALES', 'GOBIERNOS LOCALES'] en NIVEL_GOBIERNO_NOMBRE.",[]
siaf_ingresos,Validez,siaf.FUENTE_FINANCIAMIENTO.accepted_values,Catálogo válido: FUENTE_FINANCIAMIENTO,FUENTE_FINANCIAMIENTO,accepted_values,"['2', '3', '4', '5']",10777068,10777068,0,100.0,Alta,dictionary_mef,Sin observaciones,"Valores fuera del catálogo ['2', '3', '4', '5'] en FUENTE_FINANCIAMIENTO.",[]
siaf_ingresos,Validez,siaf.RUBRO.accepted_values,Catálogo válido: RUBRO,RUBRO,accepted_values,"['04', '07', '08', '09', '13', '15', '18', '19']",10777068,10777068,0,100.0,Media,profiling_bronze,Sin observaciones,"Valores fuera del catálogo ['04', '07', '08', '09', '13', '15', '18', '19'] en RUBRO.",[]
siaf_ingresos,Validez,siaf.GENERICA.accepted_values,Catálogo válido: GENERICA,GENERICA,accepted_values,"['1', '2', '3', '4', '5', '6', '7', '8', '9']",10777068,10777068,0,100.0,Media,profiling_bronze,Sin observaciones,"Valores fuera del catálogo ['1', '2', '3', '4', '5', '6', '7', '8', '9'] en GENERICA.",[]
siaf_ingresos,Validez,siaf.ANO_DOC.numeric,Tipo numérico: ANO_DOC,ANO_DOC,numeric_type,numérico,10777068,10777068,0,100.0,Alta,dictionary_mef,Sin observaciones,Valores no convertibles a número en ANO_DOC.,[]
siaf_ingresos,Validez,siaf.MES_DOC.numeric,Tipo numérico: MES_DOC,MES_DOC,numeric_type,numérico,10777068,10777068,0,100.0,Alta,dictionary_mef,Sin observaciones,Valores no convertibles a número en MES_DOC.,[]
siaf_ingresos,Validez,siaf.GENERICA.numeric,Tipo numérico: GENERICA,GENERICA,numeric_type,numérico,10777068,10777068,0,100.0,Alta,dictionary_mef,Sin observaciones,Valores no convertibles a número en GENERICA.,[]
siaf_ingresos,Validez,siaf.SUBGENERICA.numeric,Tipo numérico: SUBGENERICA,SUBGENERICA,numeric_type,numérico,10777068,10777068,0,100.0,Alta,dictionary_mef,Sin observaciones,Valores no convertibles a número en SUBGENERICA.,[]
siaf_ingresos,Validez,siaf.SUBGENERICA_DET.numeric,Tipo numérico: SUBGENERICA_DET,SUBGENERICA_DET,numeric_type,numérico,10777068,10777068,0,100.0,Alta,dictionary_mef,Sin observaciones,Valores no convertibles a número en SUBGENERICA_DET.,[]
siaf_ingresos,Validez,siaf.ESPECIFICA.numeric,Tipo numérico: ESPECIFICA,ESPECIFICA,numeric_type,numérico,10777068,10777068,0,100.0,Alta,dictionary_mef,Sin observaciones,Valores no convertibles a número en ESPECIFICA.,[]
siaf_ingresos,Validez,siaf.ESPECIFICA_DET.numeric,Tipo numérico: ESPECIFICA_DET,ESPECIFICA_DET,numeric_type,numérico,10777068,10777068,0,100.0,Alta,dictionary_mef,Sin observaciones,Valores no convertibles a número en ESPECIFICA_DET.,[]
siaf_ingresos,Validez,siaf.MONTO_PIA.numeric,Tipo numérico: MONTO_PIA,MONTO_PIA,numeric_type,numérico,10777068,10777068,0,100.0,Alta,dictionary_mef,Sin observaciones,Valores no convertibles a número en MONTO_PIA.,[]
siaf_ingresos,Validez,siaf.MONTO_PIM.numeric,Tipo numérico: MONTO_PIM,MONTO_PIM,numeric_type,numérico,10777068,10777068,0,100.0,Alta,dictionary_mef,Sin observaciones,Valores no convertibles a número en MONTO_PIM.,[]
siaf_ingresos,Validez,siaf.MONTO_RECAUDADO.numeric,Tipo numérico: MONTO_RECAUDADO,MONTO_RECAUDADO,numeric_type,numérico,10777068,10777068,0,100.0,Alta,dictionary_mef,Sin observaciones,Valores no convertibles a número en MONTO_RECAUDADO.,[]
siaf_ingresos,Exactitud,siaf.ANO_DOC.range,Rango numérico: ANO_DOC,ANO_DOC,accepted_range,"[2000, 2030]",10777068,10777068,0,100.0,Alta,profiling_bronze,Sin observaciones,"Valores fuera del rango [2000, 2030] en ANO_DOC.",[]
siaf_ingresos,Exactitud,siaf.MES_DOC.range,Rango numérico: MES_DOC,MES_DOC,accepted_range,"[1, 12]",10777068,10777068,0,100.0,Alta,profiling_bronze,Sin observaciones,"Valores fuera del rango [1, 12] en MES_DOC.",[]
siaf_ingresos,Conformidad,siaf.ANO_DOC.regex,Formato regex: ANO_DOC,ANO_DOC,regex,^\d{4}$,10777068,10777068,0,100.0,Alta,dictionary_mef,Sin observaciones,Valores que no cumplen el patrón ^\d{4}$ en ANO_DOC.,[]
siaf_ingresos,Exactitud,siaf.MONTO_PIA.range,Rango numérico: MONTO_PIA,MONTO_PIA,accepted_range,"[0.0, 30000000000.0]",10777068,10777068,0,100.0,Media,profiling_bronze,Sin observaciones,"Valores fuera del rango [0.0, 30000000000.0] en MONTO_PIA.",[]
siaf_ingresos,Exactitud,siaf.MONTO_PIM.range,Rango numérico: MONTO_PIM,MONTO_PIM,accepted_range,"[-2100000000.0, 30000000000.0]",10777068,10777068,0,100.0,Media,profiling_bronze,Sin observaciones,"Valores fuera del rango [-2100000000.0, 30000000000.0] en MONTO_PIM.",[]
siaf_ingresos,Exactitud,siaf.MONTO_RECAUDADO.range,Rango numérico: MONTO_RECAUDADO,MONTO_RECAUDADO,accepted_range,"[-1700000000.0, 12000000000.0]",10777068,10777068,0,100.0,Media,profiling_bronze,Sin observaciones,"Valores fuera del rango [-1700000000.0, 12000000000.0] en MONTO_RECAUDADO.",[]
siaf_ingresos,Consistencia,siaf.nivel_gobierno_nombre_m.conditional_value,NIVEL_GOBIERNO=M → NIVEL_GOBIERNO_NOMBRE=GOBIERNOS LOCALES,"NIVEL_GOBIERNO,NIVEL_GOBIERNO_NOMBRE",conditional_value,GOBIERNOS LOCALES,8880692,8880692,0,100.0,Alta,dictionary_mef,Sin observaciones,Inconsistencias entre NIVEL_GOBIERNO y NIVEL_GOBIERNO_NOMBRE.,[]
siaf_ingresos,Consistencia,siaf.nivel_gobierno_nombre_r.conditional_value,NIVEL_GOBIERNO=R → NIVEL_GOBIERNO_NOMBRE=GOBIERNOS REGIONALES,"NIVEL_GOBIERNO,NIVEL_GOBIERNO_NOMBRE",conditional_value,GOBIERNOS REGIONALES,1189584,1189584,0,100.0,Alta,dictionary_mef,Sin observaciones,Inconsistencias entre NIVEL_GOBIERNO y NIVEL_GOBIERNO_NOMBRE.,[]
siaf_ingresos,Consistencia,siaf.nivel_gobierno_nombre_e.conditional_value,NIVEL_GOBIERNO=E → NIVEL_GOBIERNO_NOMBRE=GOBIERNO NACIONAL,"NIVEL_GOBIERNO,NIVEL_GOBIERNO_NOMBRE",conditional_value,GOBIERNO NACIONAL,706792,706792,0,100.0,Alta,dictionary_mef,Sin observaciones,Inconsistencias entre NIVEL_GOBIERNO y NIVEL_GOBIERNO_NOMBRE.,[]
siaf_ingresos,Consistencia,siaf.PLIEGO_PLIEGO_NOMBRE.code_name,Consistencia código-nombre: PLIEGO → PLIEGO_NOMBRE,"PLIEGO,PLIEGO_NOMBRE",code_name_consistency,1 nombre por código,1896376,427744,1468632,22.5559,Media,profiling_bronze,Con observaciones,74 código(s) de PLIEGO con múltiples nombres en PLIEGO_NOMBRE. Puede indicar renombramientos institucionales sin homologar.,[]
siaf_ingresos,Consistencia,siaf.EJECUTORA_EJECUTORA_NOMBRE.code_name,Consistencia código-nombre: EJECUTORA → EJECUTORA_NOMBRE,"EJECUTORA,EJECUTORA_NOMBRE",code_name_consistency,1 nombre por código,10777068,8586994,2190074,79.6784,Media,profiling_bronze,Con observaciones,128 código(s) de EJECUTORA con múltiples nombres en EJECUTORA_NOMBRE. Puede indicar renombramientos institucionales sin homologar.,[]
siaf_ingresos,Consistencia,siaf.DEPARTAMENTO_EJECUTORA_DEPARTAMENTO_EJECUTORA_NOMBRE.code_name,Consistencia código-nombre: DEPARTAMENTO_EJECUTORA → DEPARTAMENTO_EJECUTORA_NOMBRE,"DEPARTAMENTO_EJECUTORA,DEPARTAMENTO_EJECUTORA_NOMBRE",code_name_consistency,1 nombre por código,10775452,10775452,0,100.0,Media,profiling_bronze,Sin observaciones,0 código(s) de DEPARTAMENTO_EJECUTORA con múltiples nombres en DEPARTAMENTO_EJECUTORA_NOMBRE. Puede indicar renombramientos institucionales sin homologar.,[]
siaf_ingresos,Consistencia,siaf.FUENTE_FINANCIAMIENTO_FUENTE_FINANCIAMIENTO_NOMBRE.code_name,Consistencia código-nombre: FUENTE_FINANCIAMIENTO → FUENTE_FINANCIAMIENTO_NOMBRE,"FUENTE_FINANCIAMIENTO,FUENTE_FINANCIAMIENTO_NOMBRE",code_name_consistency,1 nombre por código,10777068,10777068,0,100.0,Media,profiling_bronze,Sin observaciones,0 código(s) de FUENTE_FINANCIAMIENTO con múltiples nombres en FUENTE_FINANCIAMIENTO_NOMBRE. Puede indicar renombramientos institucionales sin homologar.,[]
siaf_ingresos,Consistencia,siaf.RUBRO_RUBRO_NOMBRE.code_name,Consistencia código-nombre: RUBRO → RUBRO_NOMBRE,"RUBRO,RUBRO_NOMBRE",code_name_consistency,1 nombre por código,10777068,10777068,0,100.0,Media,profiling_bronze,Sin observaciones,0 código(s) de RUBRO con múltiples nombres en RUBRO_NOMBRE. Puede indicar renombramientos institucionales sin homologar.,[]
siaf_ingresos,Consistencia,siaf.TIPO_RECURSO_TIPO_RECURSO_NOMBRE.code_name,Consistencia código-nombre: TIPO_RECURSO → TIPO_RECURSO_NOMBRE,"TIPO_RECURSO,TIPO_RECURSO_NOMBRE",code_name_consistency,1 nombre por código,10777068,12731,10764337,0.1181,Media,profiling_bronze,Con observaciones,55 código(s) de TIPO_RECURSO con múltiples nombres en TIPO_RECURSO_NOMBRE. Puede indicar renombramientos institucionales sin homologar.,[]
siaf_ingresos,Consistencia,siaf.GENERICA_GENERICA_NOMBRE.code_name,Consistencia código-nombre: GENERICA → GENERICA_NOMBRE,"GENERICA,GENERICA_NOMBRE",code_name_consistency,1 nombre por código,10777068,10777068,0,100.0,Media,profiling_bronze,Sin observaciones,0 código(s) de GENERICA con múltiples nombres en GENERICA_NOMBRE. Puede indicar renombramientos institucionales sin homologar.,[]
siaf_ingresos,Consistencia,siaf.SUBGENERICA_SUBGENERICA_NOMBRE.code_name,Consistencia código-nombre: SUBGENERICA → SUBGENERICA_NOMBRE,"SUBGENERICA,SUBGENERICA_NOMBRE",code_name_consistency,1 nombre por código,10777068,7844,10769224,0.0728,Media,profiling_bronze,Con observaciones,5 código(s) de SUBGENERICA con múltiples nombres en SUBGENERICA_NOMBRE. Puede indicar renombramientos institucionales sin homologar.,[]
siaf_ingresos,Consistencia,siaf.ESPECIFICA_ESPECIFICA_NOMBRE.code_name,Consistencia código-nombre: ESPECIFICA → ESPECIFICA_NOMBRE,"ESPECIFICA,ESPECIFICA_NOMBRE",code_name_consistency,1 nombre por código,10777068,546,10776522,0.0051,Media,profiling_bronze,Con observaciones,8 código(s) de ESPECIFICA con múltiples nombres en ESPECIFICA_NOMBRE. Puede indicar renombramientos institucionales sin homologar.,[]
siaf_ingresos,Consistencia,siaf.ESPECIFICA_DET_ESPECIFICA_DET_NOMBRE.code_name,Consistencia código-nombre: ESPECIFICA_DET → ESPECIFICA_DET_NOMBRE,"ESPECIFICA_DET,ESPECIFICA_DET_NOMBRE",code_name_consistency,1 nombre por código,10777068,451121,10325947,4.1859,Media,profiling_bronze,Con observaciones,15 código(s) de ESPECIFICA_DET con múltiples nombres en ESPECIFICA_DET_NOMBRE. Puede indicar renombramientos institucionales sin homologar.,[]
siaf_ingresos,Consistencia,siaf.pim_mayor_igual_pia.column_comparison,Comparación: MONTO_PIM >= MONTO_PIA,"MONTO_PIM,MONTO_PIA",column_comparison,MONTO_PIM >= MONTO_PIA,671216,650678,20538,96.9402,Media,business_rule,Con observaciones,Registros donde MONTO_PIM no cumple >= MONTO_PIA. Filtro aplicado: MONTO_PIA > 0.,[]
siaf_ingresos,Consistencia,siaf.SECTOR.null_only_when,Nulo solo cuando NIVEL_GOBIERNO=M: SECTOR,SECTOR,null_only_when,nulo solo cuando NIVEL_GOBIERNO=M,1896376,1896376,0,100.0,Alta,profiling_bronze,Sin observaciones,SECTOR vacío cuando NIVEL_GOBIERNO ≠ M: 0 casos inesperados.,[]
siaf_ingresos,Consistencia,siaf.PLIEGO.null_only_when,Nulo solo cuando NIVEL_GOBIERNO=M: PLIEGO,PLIEGO,null_only_when,nulo solo cuando NIVEL_GOBIERNO=M,1896376,1896376,0,100.0,Alta,profiling_bronze,Sin observaciones,PLIEGO vacío cuando NIVEL_GOBIERNO ≠ M: 0 casos inesperados.,[]
siaf_ingresos,Unicidad,siaf.full_row_duplicates,Filas completamente duplicadas,*,duplicate_full_rows,0 duplicados exactos,10777068,10777068,0,100.0,Media,profiling_bronze,Sin observaciones,0 filas exactamente duplicadas detectadas.,[]
siaf_ingresos,Unicidad,siaf.unique_key.13cols,Clave de negocio única (13 columnas clasificador completo),"ANO_DOC,MES_DOC,NIVEL_GOBIERNO,SEC_EJEC,EJECUTORA,FUENTE_FINANCIAMIENTO,RUBRO,TIPO_RECURSO,GENERICA,SUBGENERICA,SUBGENERICA_DET,ESPECIFICA,ESPECIFICA_DET",unique_key,sin duplicados por clave,10777068,10776863,205,99.9981,Alta,inferred_business_key,Con observaciones,205 filas duplicadas según clave de 13 columnas. Puede indicar solapamiento entre archivos anuales al consolidar el histórico.,[]
siaf_ingresos,Integridad,siaf.GENERICA_SUBGENERICA.hierarchy,Jerarquía clasificador: GENERICA padre de SUBGENERICA,"GENERICA,SUBGENERICA",parent_not_zero_if_child_nonzero,GENERICA ≠ 0 cuando SUBGENERICA ≠ 0,10777068,10777068,0,100.0,Media,business_rule,Sin observaciones,Filas donde SUBGENERICA ≠ 0 pero GENERICA = 0 (rompería la jerarquía).,[]
siaf_ingresos,Integridad,siaf.SUBGENERICA_SUBGENERICA_DET.hierarchy,Jerarquía clasificador: SUBGENERICA padre de SUBGENERICA_DET,"SUBGENERICA,SUBGENERICA_DET",parent_not_zero_if_child_nonzero,SUBGENERICA ≠ 0 cuando SUBGENERICA_DET ≠ 0,10777068,10777068,0,100.0,Media,business_rule,Sin observaciones,Filas donde SUBGENERICA_DET ≠ 0 pero SUBGENERICA = 0 (rompería la jerarquía).,[]
siaf_ingresos,Integridad,siaf.SUBGENERICA_DET_ESPECIFICA.hierarchy,Jerarquía clasificador: SUBGENERICA_DET padre de ESPECIFICA,"SUBGENERICA_DET,ESPECIFICA",parent_not_zero_if_child_nonzero,SUBGENERICA_DET ≠ 0 cuando ESPECIFICA ≠ 0,10777068,10777068,0,100.0,Media,business_rule,Sin observaciones,Filas donde ESPECIFICA ≠ 0 pero SUBGENERICA_DET = 0 (rompería la jerarquía).,[]
siaf_ingresos,Integridad,siaf.ESPECIFICA_ESPECIFICA_DET.hierarchy,Jerarquía clasificador: ESPECIFICA padre de ESPECIFICA_DET,"ESPECIFICA,ESPECIFICA_DET",parent_not_zero_if_child_nonzero,ESPECIFICA ≠ 0 cuando ESPECIFICA_DET ≠ 0,10777068,10777068,0,100.0,Media,business_rule,Sin observaciones,Filas donde ESPECIFICA_DET ≠ 0 pero ESPECIFICA = 0 (rompería la jerarquía).,[]
siaf_ingresos,Integridad,siaf.GENERICA.cardinality,Cardinalidad catálogo: GENERICA,GENERICA,cardinality_check,9,9,9,0,100.0,Baja,profiling_bronze,Sin observaciones,Cardinalidad observada: 9 | esperada: 9. Dentro del rango esperado.,[]
siaf_ingresos,Integridad,siaf.SUBGENERICA.cardinality,Cardinalidad catálogo: SUBGENERICA,SUBGENERICA,cardinality_check,6,6,6,0,100.0,Baja,profiling_bronze,Sin observaciones,Cardinalidad observada: 6 | esperada: 6. Dentro del rango esperado.,[]
siaf_ingresos,Integridad,siaf.SUBGENERICA_DET.cardinality,Cardinalidad catálogo: SUBGENERICA_DET,SUBGENERICA_DET,cardinality_check,10,10,10,0,100.0,Baja,profiling_bronze,Sin observaciones,Cardinalidad observada: 10 | esperada: 10. Dentro del rango esperado.,[]
siaf_ingresos,Integridad,siaf.ESPECIFICA.cardinality,Cardinalidad catálogo: ESPECIFICA,ESPECIFICA,cardinality_check,9,9,9,0,100.0,Baja,profiling_bronze,Sin observaciones,Cardinalidad observada: 9 | esperada: 9. Dentro del rango esperado.,[]
siaf_ingresos,Integridad,siaf.ESPECIFICA_DET.cardinality,Cardinalidad catálogo: ESPECIFICA_DET,ESPECIFICA_DET,cardinality_check,29,28,28,0,100.0,Baja,profiling_bronze,Sin observaciones,Cardinalidad observada: 28 | esperada: 29. Dentro del rango esperado.,[]
siaf_ingresos,Integridad,siaf.RUBRO.cardinality,Cardinalidad catálogo: RUBRO,RUBRO,cardinality_check,8,8,8,0,100.0,Baja,profiling_bronze,Sin observaciones,Cardinalidad observada: 8 | esperada: 8. Dentro del rango esperado.,[]
siaf_ingresos,Integridad,siaf.FUENTE_FINANCIAMIENTO.cardinality,Cardinalidad catálogo: FUENTE_FINANCIAMIENTO,FUENTE_FINANCIAMIENTO,cardinality_check,4,4,4,0,100.0,Baja,profiling_bronze,Sin observaciones,Cardinalidad observada: 4 | esperada: 4. Dentro del rango esperado.,[]
siaf_ingresos,Integridad,siaf.NIVEL_GOBIERNO.cardinality,Cardinalidad catálogo: NIVEL_GOBIERNO,NIVEL_GOBIERNO,cardinality_check,3,3,3,0,100.0,Baja,profiling_bronze,Sin observaciones,Cardinalidad observada: 3 | esperada: 3. Dentro del rango esperado.,[]
siaf_ingresos,Oportunidad,siaf.ANO_DOC.year_not_future,Año no futuro: ANO_DOC,ANO_DOC,year_not_future,<= 2026,10777068,10777068,0,100.0,Media,business_rule,Sin observaciones,Años posteriores al año de ejecución (2026).,[]
siaf_ingresos,Exactitud,siaf.MES_DOC.range,Rango numérico: MES_DOC,MES_DOC,accepted_range,"[1, 12]",10777068,10777068,0,100.0,Alta,profiling_bronze,Sin observaciones,"Valores fuera del rango [1, 12] en MES_DOC.",[]
siaf_ingresos,Oportunidad,siaf.temporal_coverage,Cobertura temporal: 12 meses por año,"ANO_DOC,MES_DOC",temporal_coverage_check,12 meses/año,15,15,0,100.0,Baja,profiling_bronze,Sin observaciones,Años con cobertura incompleta (< 12 meses): ninguno. Excepciones permitidas: [2026].,[]
siaf_ingresos,Conformidad,siaf.RUBRO.regex,Formato regex: RUBRO,RUBRO,regex,^\d{2}$,10777068,10777068,0,100.0,Media,profiling_bronze,Sin observaciones,Valores que no cumplen el patrón ^\d{2}$ en RUBRO.,[]
siaf_ingresos,Conformidad,siaf.SEC_EJEC.regex,Formato regex: SEC_EJEC,SEC_EJEC,regex,^\d{6}$,10777068,8881044,1896024,82.4069,Media,profiling_bronze,Con observaciones,Valores que no cumplen el patrón ^\d{6}$ en SEC_EJEC.,"[{""SEC_EJEC"": ""721""}, {""SEC_EJEC"": ""721""}, {""SEC_EJEC"": ""721""}, {""SEC_EJEC"": ""721""}, {""SEC_EJEC"": ""721""}, {""SEC_EJEC"": ""721""}, {""SEC_EJEC"": ""721""}, {""SEC_EJEC"": ""721""}, {""SEC_EJEC"": ""721""}, {""SEC_EJEC"": ""721""}]"
siaf_ingresos,Conformidad,siaf.DEPARTAMENTO_EJECUTORA.regex,Formato regex: DEPARTAMENTO_EJECUTORA,DEPARTAMENTO_EJECUTORA,regex,^\d{2}$,10775558,10775452,106,99.999,Media,dictionary_mef,Con observaciones,Valores que no cumplen el patrón ^\d{2}$ en DEPARTAMENTO_EJECUTORA.,"[{""DEPARTAMENTO_EJECUTORA"": ""0 ""}, {""DEPARTAMENTO_EJECUTORA"": ""0 ""}, {""DEPARTAMENTO_EJECUTORA"": ""0 ""}, {""DEPARTAMENTO_EJECUTORA"": ""0 ""}, {""DEPARTAMENTO_EJECUTORA"": ""0 ""}, {""DEPARTAMENTO_EJECUTORA"": ""0 ""}, {""DEPARTAMENTO_EJECUTORA"": ""0 ""}, {""DEPARTAMENTO_EJECUTORA"": ""0 ""}, {""DEPARTAMENTO_EJECUTORA"": ""0 ""}, {""DEPARTAMENTO_EJECUTORA"": ""0 ""}]"
siaf_ingresos,Conformidad,siaf.FUENTE_FINANCIAMIENTO.regex,Formato regex: FUENTE_FINANCIAMIENTO,FUENTE_FINANCIAMIENTO,regex,^\d$,10777068,10777068,0,100.0,Media,profiling_bronze,Sin observaciones,Valores que no cumplen el patrón ^\d$ en FUENTE_FINANCIAMIENTO.,[]
siaf_ingresos,Conformidad,siaf.PLIEGO.regex,Formato regex: PLIEGO,PLIEGO,regex,^\d{3}$,1896376,1896376,0,100.0,Media,profiling_bronze,Sin observaciones,Valores que no cumplen el patrón ^\d{3}$ en PLIEGO.,[]
siaf_ingresos,Conformidad,siaf.ESPECIFICA_DET_NOMBRE.cardinality_upper,Cardinalidad máxima: ESPECIFICA_DET_NOMBRE,ESPECIFICA_DET_NOMBRE,cardinality_upper_bound,<= 600,496,496,0,100.0,Baja,profiling_bronze,Sin observaciones,Cardinalidad actual: 496 | límite: 600. OK.,[]
